{
	"levels": [
		{
		"size":1,
		"desks": [
			{"c":1,"star":true,"end":true}
	
		]
		},
		{
		"size":2,
		"desks": [
			{"c":1,"end":true},
			{"c":2},
			{"c":2},
			{"star":true}

		]
		},
		{
		"size":3,
		"desks": [
			{"c":1, "end":true},
			{"c":2},
			{},
			{},
			{},
			{},
			{},
			{"c":2},
			{"star":true } 
		]
		},	
		{
		"size":4,
		"desks": [
			{"c":1,"end":true},
			{"c":2},
			{},
			{"c":2},
			{},
			{},
			{},
			{"c":3},
			{},
			{},
			{},
			{},
			{},
			{},
			{"c":3},
			{"star":true}
		]
		},
		{
		"size":5,
		"desks": [
			{"c":1,"end":true},
			{"c":2},
			{},
			{},
			{},

			{},
			{},
			{},
			{},
			{},

			{},
			{"c":4},
			{"c":3},
			{"c":2},
			{},

			{"c":4},
			{},
			{},
			{},
			{},

			{},
			{},
			{},
			{"c":3},
			{"star":true}

		]
		},								
		{
		"size":0,
		"desks": [
		]
		}
	]		
}

